-- AI generated mock data

INSERT INTO stations (station_id, name, location, max_kw, installed_at) VALUES
(1, 'Nordhavn Hub',       'Nordhavn, Copenhagen',     150.0, '2021-03-15'),
(2, 'Vesterbro East',     'Vesterbro, Copenhagen',     50.0, '2021-07-22'),
(3, 'Frederiksberg Park', 'Frederiksberg, Copenhagen', 22.0, '2022-01-10'),
(4, 'Aarhus Central',     'Midtbyen, Aarhus',         100.0, '2022-06-01'),
(5, 'Odense Station',     'City Centre, Odense',       50.0, '2023-02-14');
 
INSERT INTO users (user_id, full_name, email, joined_at, is_active) VALUES
(1, 'Emma Hansen',    'emma.hansen@gmail.com',  '2021-04-01', TRUE),
(2, 'Jonas Berg',     'jonas.berg@gmail.com',   '2021-08-15', TRUE),
(3, 'Sofia Andersen', 'sofia.a@hotmail.com',    '2022-02-20', TRUE),
(4, 'Mikkel Dahl',    'mikkel.dahl@gmail.com',  '2022-07-11', TRUE),
(5, 'Laura Nielsen',  'laura.n@hotmail.com',    '2022-09-05', TRUE),
(6, 'Rasmus Kjær',    'rasmus.kj@work.dk',      '2023-01-30', FALSE),
(7, 'Astrid Lund',    'astrid.lund@gmail.com',  '2023-03-18', TRUE);
 
INSERT INTO sessions (session_id, station_id, user_id, started_at, ended_at, kwh_delivered) VALUES
(1,  1, 1, '2024-01-05 08:00:00', '2024-01-05 08:45:00', 55.2),
(2,  1, 2, '2024-01-05 09:10:00', '2024-01-05 10:05:00', 80.1),
(3,  2, 3, '2024-01-06 13:00:00', '2024-01-06 14:20:00', 30.5),
(4,  3, 1, '2024-01-07 17:30:00', '2024-01-07 19:00:00', 18.75),
(5,  4, 4, '2024-01-08 07:45:00', '2024-01-08 08:30:00', 60.0),
(6,  1, 5, '2024-01-09 11:00:00', '2024-01-09 11:40:00', 48.3),
(7,  2, 1, '2024-01-10 16:00:00', '2024-01-10 17:10:00', 25.6),
(8,  5, 6, '2024-01-11 09:00:00', '2024-01-11 09:50:00', 35.0),
(9,  3, 7, '2024-01-12 14:00:00', '2024-01-12 15:30:00', 20.1),
(10, 4, 2, '2024-01-13 08:20:00', '2024-01-13 09:15:00', 70.4),
(11, 1, 3, '2024-02-01 10:00:00', '2024-02-01 10:55:00', 62.8),
(12, 2, 4, '2024-02-03 15:30:00', '2024-02-03 16:45:00', 28.9),
(13, 1, 7, '2024-02-05 07:00:00', '2024-02-05 07:50:00', 72.0),
(14, 5, 1, '2024-02-07 13:00:00', '2024-02-07 13:45:00', 40.5),
(15, 3, 5, '2024-02-09 18:00:00', '2024-02-09 19:20:00', 16.2),
(16, 4, 7, '2024-03-02 08:00:00', '2024-03-02 09:10:00', 88.0),
(17, 1, 4, '2024-03-04 11:30:00', '2024-03-04 12:15:00', 51.3),
(18, 2, 5, '2024-03-06 17:00:00', '2024-03-06 18:00:00', 22.7),
(19, 5, 3, '2024-03-08 09:00:00', '2024-03-08 10:05:00', 45.6),
(20, 3, 2, '2024-03-10 14:00:00', '2024-03-10 15:30:00', 19.8);
